insert into Users (user_id, username, email, password, birth, user_description, role) values (1, 'bbroadbere0', 'bbroadbere0@gmail.com', 'a80l309u65sge9', '2022-09-30', 'Donec ut mauris eget massa tempor convallis.', 'USER');
insert into Users (user_id, username, email, password, birth, user_description, role) values (2, 'krummery1', 'krummery1@gmail.com', '2zqn568mr28x51', '2023-02-11', 'Morbi sem mauris, laoreet ut, rhoncus aliquet, pulvinar sed, nisl.', 'USER');
insert into Users (user_id, username, email, password, birth, user_description, role) values (3, 'rratnege2', 'rratnege2@gmail.com', '0h99', '2023-03-09', 'Nulla justo.', 'USER');
insert into Users (user_id, username, email, password, birth, user_description, role) values (4, 'ccroser3', 'ccroser3@gmail.com', '5ng4v3x755l4', '2022-11-08', 'Nullam varius.', 'USER');
insert into Users (user_id, username, email, password, birth, user_description, role) values (5, 'rsloss4', 'rsloss4@gmail.com', 'wuq23', '2022-09-25', 'Vivamus vestibulum sagittis sapien.', 'USER');
insert into Users (user_id, username, email, password, birth, user_description, role) values (6, 'astarzaker5', 'astarzaker5@gmail.com', 'ujwmyw8oajt', '2023-08-02', 'Aenean lectus.', 'USER');
insert into Users (user_id, username, email, password, birth, user_description, role) values (7, 'ftunnah6', 'ftunnah6@gmail.com', '10061', '2023-02-19', 'Integer aliquet, massa id lobortis convallis, tortor risus dapibus augue, vel accumsan tellus nisi eu orci.', 'USER');
insert into Users (user_id, username, email, password, birth, user_description, role) values (8, 'flenox7', 'flenox7@gmail.com', '8hhl3', '2023-07-09', 'In sagittis dui vel nisl.', 'USER');
insert into Users (user_id, username, email, password, birth, user_description, role) values (9, 'sharland8', 'sharland8@gmail.com', 'qd6tagw2', '2022-09-22', 'Cras pellentesque volutpat dui.', 'USER');
insert into Users (user_id, username, email, password, birth, user_description, role) values (10, 'kyoung9', 'kyoung9@gmail.com', 'un3qiph5lez', '2022-11-10', 'Maecenas pulvinar lobortis est.', 'USER');

insert into Accommodation (accommodation_id, main_address, detail_address, guest, bedroom, bed, bathroom, acmd_name, acmd_description, price, user_id) values (1, '5378 Tomscot Way', 'Room 1678', 2, 2, 3, 1, 'laoreet', 'In hac habitasse platea dictumst.', 102.842, 1);
insert into Accommodation (accommodation_id, main_address, detail_address, guest, bedroom, bed, bathroom, acmd_name, acmd_description, price, user_id) values (2, '608 Fisk Drive', 'Room 1909', 4, 1, 4, 1, 'lorem', 'Donec semper sapien a libero.', 954.829, 1);
insert into Accommodation (accommodation_id, main_address, detail_address, guest, bedroom, bed, bathroom, acmd_name, acmd_description, price, user_id) values (3, '4096 Farmco Park', 'Apt 1986', 2, 1, 3, 3, 'nulla', 'Nulla facilisi.', 882.007, 1);
insert into Accommodation (accommodation_id, main_address, detail_address, guest, bedroom, bed, bathroom, acmd_name, acmd_description, price, user_id) values (4, '77 Lighthouse Bay Trail', '6th Floor', 4, 1, 3, 1, 'massa', 'Suspendisse potenti.', 755.749, 1);
insert into Accommodation (accommodation_id, main_address, detail_address, guest, bedroom, bed, bathroom, acmd_name, acmd_description, price, user_id) values (5, '5913 Porter Lane', 'PO Box 6991', 2, 1, 4, 3, 'convallis', 'Proin interdum mauris non ligula pellentesque ultrices.', 954.515, 1);
insert into Accommodation (accommodation_id, main_address, detail_address, guest, bedroom, bed, bathroom, acmd_name, acmd_description, price, user_id) values (6, '9 Lindbergh Drive', '8th Floor', 4, 1, 2, 1, 'lobortis', 'Nullam porttitor lacus at turpis.', 845.220, 1);
insert into Accommodation (accommodation_id, main_address, detail_address, guest, bedroom, bed, bathroom, acmd_name, acmd_description, price, user_id) values (7, '90846 Goodland Place', 'PO Box 79758', 3, 2, 1, 2, 'vel', 'Vivamus metus arcu, adipiscing molestie, hendrerit at, vulputate vitae, nisl.', 436.798, 1);
insert into Accommodation (accommodation_id, main_address, detail_address, guest, bedroom, bed, bathroom, acmd_name, acmd_description, price, user_id) values (8, '3 Cottonwood Plaza', 'Room 509', 4, 1, 2, 2, 'id', 'Suspendisse potenti.', 297.664, 1);
insert into Accommodation (accommodation_id, main_address, detail_address, guest, bedroom, bed, bathroom, acmd_name, acmd_description, price, user_id) values (9, '5188 Nobel Terrace', 'PO Box 57620', 4, 1, 2, 3, 'sed', 'Morbi a ipsum.', 524.877, 1);
insert into Accommodation (accommodation_id, main_address, detail_address, guest, bedroom, bed, bathroom, acmd_name, acmd_description, price, user_id) values (10, '0 Hanover Terrace', 'Apt 1166', 3, 2, 2, 3, 'in', 'In sagittis dui vel nisl.', 632.436, 1);

insert into review (review_id, comment, rating, created_at, user_id, accommodation_id) values (1, 'Nulla ac enim.', 3, '2023-08-17', 2, 8);
insert into review (review_id, comment, rating, created_at, user_id, accommodation_id) values (2, 'Nulla mollis molestie lorem.', 4, '2023-08-06', 7, 4);
insert into review (review_id, comment, rating, created_at, user_id, accommodation_id) values (3, 'Pellentesque at nulla.', 2, '2023-06-25', 10, 4);
insert into review (review_id, comment, rating, created_at, user_id, accommodation_id) values (4, 'Etiam justo.', 5, '2022-11-27', 9, 9);
insert into review (review_id, comment, rating, created_at, user_id, accommodation_id) values (5, 'Ut tellus.', 3, '2023-05-02', 6, 10);
insert into review (review_id, comment, rating, created_at, user_id, accommodation_id) values (6, 'Quisque erat eros, viverra eget, congue eget, semper rutrum, nulla.', 3, '2022-12-22', 10, 2);
insert into review (review_id, comment, rating, created_at, user_id, accommodation_id) values (7, 'Praesent lectus.', 2, '2023-01-25', 1, 4);
insert into review (review_id, comment, rating, created_at, user_id, accommodation_id) values (8, 'Nunc nisl.', 3, '2023-03-23', 7, 8);
insert into review (review_id, comment, rating, created_at, user_id, accommodation_id) values (9, 'Phasellus in felis.', 5, '2023-06-27', 8, 5);
insert into review (review_id, comment, rating, created_at, user_id, accommodation_id) values (10, 'Morbi sem mauris, laoreet ut, rhoncus aliquet, pulvinar sed, nisl.', 1, '2023-08-14', 10, 7);
insert into review (review_id, comment, rating, created_at, user_id, accommodation_id) values (11, 'Integer ac leo.', 1, '2023-03-12', 6, 6);
insert into review (review_id, comment, rating, created_at, user_id, accommodation_id) values (12, 'Maecenas leo odio, condimentum id, luctus nec, molestie sed, justo.', 2, '2023-06-29', 2, 2);
insert into review (review_id, comment, rating, created_at, user_id, accommodation_id) values (13, 'Praesent blandit lacinia erat.', 5, '2023-07-20', 9, 4);
insert into review (review_id, comment, rating, created_at, user_id, accommodation_id) values (14, 'Vivamus vel nulla eget eros elementum pellentesque.', 3, '2023-08-07', 9, 10);
insert into review (review_id, comment, rating, created_at, user_id, accommodation_id) values (15, 'Morbi non quam nec dui luctus rutrum.', 2, '2023-05-21', 3, 9);
insert into review (review_id, comment, rating, created_at, user_id, accommodation_id) values (16, 'Nam tristique tortor eu pede.', 1, '2023-05-15', 4, 10);
insert into review (review_id, comment, rating, created_at, user_id, accommodation_id) values (17, 'Sed vel enim sit amet nunc viverra dapibus.', 3, '2022-11-16', 6, 6);
insert into review (review_id, comment, rating, created_at, user_id, accommodation_id) values (18, 'Nullam orci pede, venenatis non, sodales sed, tincidunt eu, felis.', 1, '2023-01-27', 7, 2);
insert into review (review_id, comment, rating, created_at, user_id, accommodation_id) values (19, 'Curabitur gravida nisi at nibh.', 4, '2023-07-21', 5, 1);
insert into review (review_id, comment, rating, created_at, user_id, accommodation_id) values (20, 'Aliquam augue quam, sollicitudin vitae, consectetuer eget, rutrum at, lorem.', 5, '2023-01-30', 6, 6);
insert into review (review_id, comment, rating, created_at, user_id, accommodation_id) values (21, 'Suspendisse ornare consequat lectus.', 3, '2023-04-08', 8, 6);
insert into review (review_id, comment, rating, created_at, user_id, accommodation_id) values (22, 'In hac habitasse platea dictumst.', 2, '2023-05-21', 6, 1);
insert into review (review_id, comment, rating, created_at, user_id, accommodation_id) values (23, 'Nulla ac enim.', 5, '2023-05-25', 6, 7);
insert into review (review_id, comment, rating, created_at, user_id, accommodation_id) values (24, 'Etiam faucibus cursus urna.', 1, '2023-02-14', 1, 6);
insert into review (review_id, comment, rating, created_at, user_id, accommodation_id) values (25, 'Aenean auctor gravida sem.', 4, '2022-11-27', 5, 4);
insert into review (review_id, comment, rating, created_at, user_id, accommodation_id) values (26, 'Nunc rhoncus dui vel sem.', 2, '2022-12-25', 1, 7);
insert into review (review_id, comment, rating, created_at, user_id, accommodation_id) values (27, 'Morbi sem mauris, laoreet ut, rhoncus aliquet, pulvinar sed, nisl.', 1, '2023-03-18', 5, 10);
insert into review (review_id, comment, rating, created_at, user_id, accommodation_id) values (28, 'Nam congue, risus semper porta volutpat, quam pede lobortis ligula, sit amet eleifend pede libero quis orci.', 4, '2022-09-10', 4, 7);
insert into review (review_id, comment, rating, created_at, user_id, accommodation_id) values (29, 'Donec semper sapien a libero.', 1, '2023-02-25', 3, 2);
insert into review (review_id, comment, rating, created_at, user_id, accommodation_id) values (30, 'Donec posuere metus vitae ipsum.', 2, '2023-03-12', 2, 10);
insert into review (review_id, comment, rating, created_at, user_id, accommodation_id) values (31, 'Maecenas rhoncus aliquam lacus.', 5, '2022-09-16', 5, 5);
insert into review (review_id, comment, rating, created_at, user_id, accommodation_id) values (32, 'Morbi quis tortor id nulla ultrices aliquet.', 2, '2022-09-01', 6, 6);
insert into review (review_id, comment, rating, created_at, user_id, accommodation_id) values (33, 'Praesent blandit.', 1, '2022-10-26', 6, 2);
insert into review (review_id, comment, rating, created_at, user_id, accommodation_id) values (34, 'Vestibulum sed magna at nunc commodo placerat.', 4, '2023-06-30', 3, 2);
insert into review (review_id, comment, rating, created_at, user_id, accommodation_id) values (35, 'Nulla ut erat id mauris vulputate elementum.', 3, '2023-06-03', 2, 8);
insert into review (review_id, comment, rating, created_at, user_id, accommodation_id) values (36, 'Phasellus id sapien in sapien iaculis congue.', 4, '2022-12-12', 10, 1);
insert into review (review_id, comment, rating, created_at, user_id, accommodation_id) values (37, 'Suspendisse accumsan tortor quis turpis.', 2, '2022-10-28', 3, 3);
insert into review (review_id, comment, rating, created_at, user_id, accommodation_id) values (38, 'Pellentesque eget nunc.', 4, '2023-03-02', 7, 2);
insert into review (review_id, comment, rating, created_at, user_id, accommodation_id) values (39, 'Vivamus tortor.', 3, '2022-09-30', 8, 6);
insert into review (review_id, comment, rating, created_at, user_id, accommodation_id) values (40, 'Sed vel enim sit amet nunc viverra dapibus.', 5, '2022-09-29', 9, 8);
insert into review (review_id, comment, rating, created_at, user_id, accommodation_id) values (41, 'Nulla ut erat id mauris vulputate elementum.', 3, '2022-11-10', 2, 1);
insert into review (review_id, comment, rating, created_at, user_id, accommodation_id) values (42, 'Etiam pretium iaculis justo.', 5, '2023-02-06', 5, 3);
insert into review (review_id, comment, rating, created_at, user_id, accommodation_id) values (43, 'Vivamus vestibulum sagittis sapien.', 2, '2023-07-03', 9, 8);
insert into review (review_id, comment, rating, created_at, user_id, accommodation_id) values (44, 'Morbi vel lectus in quam fringilla rhoncus.', 1, '2023-06-06', 10, 10);
insert into review (review_id, comment, rating, created_at, user_id, accommodation_id) values (45, 'Nulla neque libero, convallis eget, eleifend luctus, ultricies eu, nibh.', 2, '2022-11-23', 5, 4);
insert into review (review_id, comment, rating, created_at, user_id, accommodation_id) values (46, 'Sed ante.', 3, '2023-01-01', 6, 10);
insert into review (review_id, comment, rating, created_at, user_id, accommodation_id) values (47, 'Cras non velit nec nisi vulputate nonummy.', 1, '2023-02-13', 3, 8);
insert into review (review_id, comment, rating, created_at, user_id, accommodation_id) values (48, 'Curabitur at ipsum ac tellus semper interdum.', 4, '2023-07-15', 4, 6);
insert into review (review_id, comment, rating, created_at, user_id, accommodation_id) values (49, 'Nam dui.', 4, '2023-03-25', 4, 5);
insert into review (review_id, comment, rating, created_at, user_id, accommodation_id) values (50, 'In quis justo.', 2, '2022-12-20', 7, 9);
insert into review (review_id, comment, rating, created_at, user_id, accommodation_id) values (51, 'Morbi vel lectus in quam fringilla rhoncus.', 4, '2023-08-08', 8, 7);
insert into review (review_id, comment, rating, created_at, user_id, accommodation_id) values (52, 'In hac habitasse platea dictumst.', 5, '2022-09-08', 4, 7);
insert into review (review_id, comment, rating, created_at, user_id, accommodation_id) values (53, 'Nunc nisl.', 3, '2022-09-28', 4, 5);
insert into review (review_id, comment, rating, created_at, user_id, accommodation_id) values (54, 'Mauris ullamcorper purus sit amet nulla.', 5, '2022-10-02', 4, 9);
insert into review (review_id, comment, rating, created_at, user_id, accommodation_id) values (55, 'Duis mattis egestas metus.', 5, '2023-07-31', 1, 4);
insert into review (review_id, comment, rating, created_at, user_id, accommodation_id) values (56, 'Sed accumsan felis.', 5, '2022-09-07', 5, 2);
insert into review (review_id, comment, rating, created_at, user_id, accommodation_id) values (57, 'Donec odio justo, sollicitudin ut, suscipit a, feugiat et, eros.', 3, '2023-02-22', 9, 9);
insert into review (review_id, comment, rating, created_at, user_id, accommodation_id) values (58, 'Morbi quis tortor id nulla ultrices aliquet.', 4, '2023-05-29', 9, 4);
insert into review (review_id, comment, rating, created_at, user_id, accommodation_id) values (59, 'Aliquam erat volutpat.', 1, '2023-07-07', 9, 3);
insert into review (review_id, comment, rating, created_at, user_id, accommodation_id) values (60, 'Vestibulum ante ipsum primis in faucibus orci luctus et ultrices posuere cubilia Curae; Nulla dapibus dolor vel est.', 4, '2023-05-07', 1, 4);
insert into review (review_id, comment, rating, created_at, user_id, accommodation_id) values (61, 'Vivamus in felis eu sapien cursus vestibulum.', 5, '2022-11-10', 3, 10);
insert into review (review_id, comment, rating, created_at, user_id, accommodation_id) values (62, 'Aliquam quis turpis eget elit sodales scelerisque.', 4, '2023-08-16', 1, 6);
insert into review (review_id, comment, rating, created_at, user_id, accommodation_id) values (63, 'Phasellus id sapien in sapien iaculis congue.', 2, '2023-01-05', 7, 4);
insert into review (review_id, comment, rating, created_at, user_id, accommodation_id) values (64, 'Fusce congue, diam id ornare imperdiet, sapien urna pretium nisl, ut volutpat sapien arcu sed augue.', 5, '2023-03-17', 7, 6);
insert into review (review_id, comment, rating, created_at, user_id, accommodation_id) values (65, 'Morbi non quam nec dui luctus rutrum.', 5, '2022-09-03', 8, 1);
insert into review (review_id, comment, rating, created_at, user_id, accommodation_id) values (66, 'Morbi non lectus.', 5, '2023-07-15', 3, 7);
insert into review (review_id, comment, rating, created_at, user_id, accommodation_id) values (67, 'Morbi porttitor lorem id ligula.', 5, '2022-12-26', 3, 5);
insert into review (review_id, comment, rating, created_at, user_id, accommodation_id) values (68, 'Ut at dolor quis odio consequat varius.', 3, '2022-10-08', 7, 5);
insert into review (review_id, comment, rating, created_at, user_id, accommodation_id) values (69, 'Vestibulum ac est lacinia nisi venenatis tristique.', 1, '2023-07-10', 7, 4);
insert into review (review_id, comment, rating, created_at, user_id, accommodation_id) values (70, 'Vivamus in felis eu sapien cursus vestibulum.', 5, '2022-11-18', 7, 4);
insert into review (review_id, comment, rating, created_at, user_id, accommodation_id) values (71, 'Curabitur gravida nisi at nibh.', 5, '2022-08-31', 6, 4);
insert into review (review_id, comment, rating, created_at, user_id, accommodation_id) values (72, 'Nulla facilisi.', 3, '2023-02-08', 7, 3);
insert into review (review_id, comment, rating, created_at, user_id, accommodation_id) values (73, 'Nunc rhoncus dui vel sem.', 5, '2022-12-09', 5, 3);
insert into review (review_id, comment, rating, created_at, user_id, accommodation_id) values (74, 'Pellentesque at nulla.', 3, '2023-02-17', 1, 5);
insert into review (review_id, comment, rating, created_at, user_id, accommodation_id) values (75, 'Nulla tellus.', 1, '2023-02-24', 3, 4);
insert into review (review_id, comment, rating, created_at, user_id, accommodation_id) values (76, 'Morbi a ipsum.', 3, '2022-09-08', 8, 5);
insert into review (review_id, comment, rating, created_at, user_id, accommodation_id) values (77, 'Quisque arcu libero, rutrum ac, lobortis vel, dapibus at, diam.', 2, '2023-02-01', 6, 3);
insert into review (review_id, comment, rating, created_at, user_id, accommodation_id) values (78, 'Morbi ut odio.', 3, '2022-11-17', 9, 1);
insert into review (review_id, comment, rating, created_at, user_id, accommodation_id) values (79, 'Donec quis orci eget orci vehicula condimentum.', 4, '2023-03-05', 1, 8);
insert into review (review_id, comment, rating, created_at, user_id, accommodation_id) values (80, 'Nam congue, risus semper porta volutpat, quam pede lobortis ligula, sit amet eleifend pede libero quis orci.', 2, '2022-10-22', 4, 3);
insert into review (review_id, comment, rating, created_at, user_id, accommodation_id) values (81, 'In est risus, auctor sed, tristique in, tempus sit amet, sem.', 4, '2023-03-26', 10, 4);
insert into review (review_id, comment, rating, created_at, user_id, accommodation_id) values (82, 'Morbi sem mauris, laoreet ut, rhoncus aliquet, pulvinar sed, nisl.', 1, '2023-04-28', 3, 9);
insert into review (review_id, comment, rating, created_at, user_id, accommodation_id) values (83, 'In est risus, auctor sed, tristique in, tempus sit amet, sem.', 2, '2023-06-22', 9, 4);
insert into review (review_id, comment, rating, created_at, user_id, accommodation_id) values (84, 'Maecenas tincidunt lacus at velit.', 1, '2023-07-11', 8, 1);
insert into review (review_id, comment, rating, created_at, user_id, accommodation_id) values (85, 'Morbi porttitor lorem id ligula.', 5, '2022-11-18', 8, 5);
insert into review (review_id, comment, rating, created_at, user_id, accommodation_id) values (86, 'Etiam faucibus cursus urna.', 1, '2023-04-11', 4, 8);
insert into review (review_id, comment, rating, created_at, user_id, accommodation_id) values (87, 'Integer tincidunt ante vel ipsum.', 2, '2023-08-06', 4, 4);
insert into review (review_id, comment, rating, created_at, user_id, accommodation_id) values (88, 'Praesent blandit lacinia erat.', 3, '2023-01-18', 6, 5);
insert into review (review_id, comment, rating, created_at, user_id, accommodation_id) values (89, 'Fusce posuere felis sed lacus.', 4, '2023-08-13', 4, 4);
insert into review (review_id, comment, rating, created_at, user_id, accommodation_id) values (90, 'Cras non velit nec nisi vulputate nonummy.', 5, '2023-02-25', 5, 7);
insert into review (review_id, comment, rating, created_at, user_id, accommodation_id) values (91, 'Aenean sit amet justo.', 3, '2022-12-02', 4, 5);
insert into review (review_id, comment, rating, created_at, user_id, accommodation_id) values (92, 'Pellentesque at nulla.', 4, '2022-09-09', 3, 4);
insert into review (review_id, comment, rating, created_at, user_id, accommodation_id) values (93, 'Proin interdum mauris non ligula pellentesque ultrices.', 1, '2023-08-10', 5, 7);
insert into review (review_id, comment, rating, created_at, user_id, accommodation_id) values (94, 'Morbi a ipsum.', 5, '2022-10-07', 5, 7);
insert into review (review_id, comment, rating, created_at, user_id, accommodation_id) values (95, 'Vestibulum ac est lacinia nisi venenatis tristique.', 3, '2022-11-05', 1, 10);
insert into review (review_id, comment, rating, created_at, user_id, accommodation_id) values (96, 'Aliquam sit amet diam in magna bibendum imperdiet.', 5, '2022-11-27', 5, 8);
insert into review (review_id, comment, rating, created_at, user_id, accommodation_id) values (97, 'Quisque ut erat.', 5, '2022-10-27', 4, 10);
insert into review (review_id, comment, rating, created_at, user_id, accommodation_id) values (98, 'Vivamus tortor.', 5, '2023-01-13', 10, 8);
insert into review (review_id, comment, rating, created_at, user_id, accommodation_id) values (99, 'Duis consequat dui nec nisi volutpat eleifend.', 1, '2023-07-14', 6, 4);
insert into review (review_id, comment, rating, created_at, user_id, accommodation_id) values (100, 'Vivamus vestibulum sagittis sapien.', 1, '2022-12-16', 7, 3);

insert into image (image_id, acmd_image_url, accommodation_id) values (1, 'http://dummyimage.com/243x100.png/cc0000/ffffff', 10);
insert into image (image_id, acmd_image_url, accommodation_id) values (2, 'http://dummyimage.com/166x100.png/dddddd/000000', 10);
insert into image (image_id, acmd_image_url, accommodation_id) values (3, 'http://dummyimage.com/111x100.png/ff4444/ffffff', 2);
insert into image (image_id, acmd_image_url, accommodation_id) values (4, 'http://dummyimage.com/213x100.png/dddddd/000000', 3);
insert into image (image_id, acmd_image_url, accommodation_id) values (5, 'http://dummyimage.com/205x100.png/dddddd/000000', 9);
insert into image (image_id, acmd_image_url, accommodation_id) values (6, 'http://dummyimage.com/238x100.png/cc0000/ffffff', 8);
insert into image (image_id, acmd_image_url, accommodation_id) values (7, 'http://dummyimage.com/108x100.png/ff4444/ffffff', 5);
insert into image (image_id, acmd_image_url, accommodation_id) values (8, 'http://dummyimage.com/247x100.png/5fa2dd/ffffff', 6);
insert into image (image_id, acmd_image_url, accommodation_id) values (9, 'http://dummyimage.com/148x100.png/5fa2dd/ffffff', 7);
insert into image (image_id, acmd_image_url, accommodation_id) values (10, 'http://dummyimage.com/212x100.png/5fa2dd/ffffff', 7);
insert into image (image_id, acmd_image_url, accommodation_id) values (11, 'http://dummyimage.com/195x100.png/cc0000/ffffff', 8);
insert into image (image_id, acmd_image_url, accommodation_id) values (12, 'http://dummyimage.com/169x100.png/cc0000/ffffff', 3);
insert into image (image_id, acmd_image_url, accommodation_id) values (13, 'http://dummyimage.com/104x100.png/cc0000/ffffff', 8);
insert into image (image_id, acmd_image_url, accommodation_id) values (14, 'http://dummyimage.com/106x100.png/cc0000/ffffff', 8);
insert into image (image_id, acmd_image_url, accommodation_id) values (15, 'http://dummyimage.com/101x100.png/ff4444/ffffff', 1);
insert into image (image_id, acmd_image_url, accommodation_id) values (16, 'http://dummyimage.com/241x100.png/cc0000/ffffff', 3);
insert into image (image_id, acmd_image_url, accommodation_id) values (17, 'http://dummyimage.com/175x100.png/cc0000/ffffff', 1);
insert into image (image_id, acmd_image_url, accommodation_id) values (18, 'http://dummyimage.com/188x100.png/cc0000/ffffff', 10);
insert into image (image_id, acmd_image_url, accommodation_id) values (19, 'http://dummyimage.com/162x100.png/cc0000/ffffff', 6);
insert into image (image_id, acmd_image_url, accommodation_id) values (20, 'http://dummyimage.com/246x100.png/ff4444/ffffff', 6);
insert into image (image_id, acmd_image_url, accommodation_id) values (21, 'http://dummyimage.com/212x100.png/cc0000/ffffff', 8);
insert into image (image_id, acmd_image_url, accommodation_id) values (22, 'http://dummyimage.com/169x100.png/5fa2dd/ffffff', 3);
insert into image (image_id, acmd_image_url, accommodation_id) values (23, 'http://dummyimage.com/149x100.png/cc0000/ffffff', 2);
insert into image (image_id, acmd_image_url, accommodation_id) values (24, 'http://dummyimage.com/237x100.png/5fa2dd/ffffff', 2);
insert into image (image_id, acmd_image_url, accommodation_id) values (25, 'http://dummyimage.com/106x100.png/cc0000/ffffff', 3);
insert into image (image_id, acmd_image_url, accommodation_id) values (26, 'http://dummyimage.com/178x100.png/cc0000/ffffff', 5);
insert into image (image_id, acmd_image_url, accommodation_id) values (27, 'http://dummyimage.com/233x100.png/ff4444/ffffff', 3);
insert into image (image_id, acmd_image_url, accommodation_id) values (28, 'http://dummyimage.com/131x100.png/dddddd/000000', 7);
insert into image (image_id, acmd_image_url, accommodation_id) values (29, 'http://dummyimage.com/174x100.png/ff4444/ffffff', 3);
insert into image (image_id, acmd_image_url, accommodation_id) values (30, 'http://dummyimage.com/188x100.png/5fa2dd/ffffff', 8);
insert into image (image_id, acmd_image_url, accommodation_id) values (31, 'http://dummyimage.com/128x100.png/5fa2dd/ffffff', 10);
insert into image (image_id, acmd_image_url, accommodation_id) values (32, 'http://dummyimage.com/106x100.png/dddddd/000000', 8);
insert into image (image_id, acmd_image_url, accommodation_id) values (33, 'http://dummyimage.com/105x100.png/5fa2dd/ffffff', 4);
insert into image (image_id, acmd_image_url, accommodation_id) values (34, 'http://dummyimage.com/163x100.png/cc0000/ffffff', 5);
insert into image (image_id, acmd_image_url, accommodation_id) values (35, 'http://dummyimage.com/195x100.png/ff4444/ffffff', 10);
insert into image (image_id, acmd_image_url, accommodation_id) values (36, 'http://dummyimage.com/239x100.png/5fa2dd/ffffff', 6);
insert into image (image_id, acmd_image_url, accommodation_id) values (37, 'http://dummyimage.com/136x100.png/dddddd/000000', 3);
insert into image (image_id, acmd_image_url, accommodation_id) values (38, 'http://dummyimage.com/194x100.png/ff4444/ffffff', 5);
insert into image (image_id, acmd_image_url, accommodation_id) values (39, 'http://dummyimage.com/182x100.png/cc0000/ffffff', 4);
insert into image (image_id, acmd_image_url, accommodation_id) values (40, 'http://dummyimage.com/130x100.png/cc0000/ffffff', 5);
insert into image (image_id, acmd_image_url, accommodation_id) values (41, 'http://dummyimage.com/146x100.png/cc0000/ffffff', 2);
insert into image (image_id, acmd_image_url, accommodation_id) values (42, 'http://dummyimage.com/185x100.png/dddddd/000000', 3);
insert into image (image_id, acmd_image_url, accommodation_id) values (43, 'http://dummyimage.com/250x100.png/5fa2dd/ffffff', 4);
insert into image (image_id, acmd_image_url, accommodation_id) values (44, 'http://dummyimage.com/128x100.png/ff4444/ffffff', 6);
insert into image (image_id, acmd_image_url, accommodation_id) values (45, 'http://dummyimage.com/220x100.png/5fa2dd/ffffff', 7);
insert into image (image_id, acmd_image_url, accommodation_id) values (46, 'http://dummyimage.com/145x100.png/ff4444/ffffff', 6);
insert into image (image_id, acmd_image_url, accommodation_id) values (47, 'http://dummyimage.com/126x100.png/dddddd/000000', 7);
insert into image (image_id, acmd_image_url, accommodation_id) values (48, 'http://dummyimage.com/179x100.png/dddddd/000000', 10);
insert into image (image_id, acmd_image_url, accommodation_id) values (49, 'http://dummyimage.com/139x100.png/ff4444/ffffff', 10);
insert into image (image_id, acmd_image_url, accommodation_id) values (50, 'http://dummyimage.com/144x100.png/cc0000/ffffff', 6);
insert into image (image_id, acmd_image_url, accommodation_id) values (51, 'http://dummyimage.com/155x100.png/dddddd/000000', 10);
insert into image (image_id, acmd_image_url, accommodation_id) values (52, 'http://dummyimage.com/130x100.png/cc0000/ffffff', 3);
insert into image (image_id, acmd_image_url, accommodation_id) values (53, 'http://dummyimage.com/119x100.png/cc0000/ffffff', 1);
insert into image (image_id, acmd_image_url, accommodation_id) values (54, 'http://dummyimage.com/140x100.png/cc0000/ffffff', 4);
insert into image (image_id, acmd_image_url, accommodation_id) values (55, 'http://dummyimage.com/180x100.png/dddddd/000000', 8);
insert into image (image_id, acmd_image_url, accommodation_id) values (56, 'http://dummyimage.com/169x100.png/5fa2dd/ffffff', 2);
insert into image (image_id, acmd_image_url, accommodation_id) values (57, 'http://dummyimage.com/192x100.png/dddddd/000000', 2);
insert into image (image_id, acmd_image_url, accommodation_id) values (58, 'http://dummyimage.com/201x100.png/ff4444/ffffff', 3);
insert into image (image_id, acmd_image_url, accommodation_id) values (59, 'http://dummyimage.com/188x100.png/cc0000/ffffff', 5);
insert into image (image_id, acmd_image_url, accommodation_id) values (60, 'http://dummyimage.com/180x100.png/ff4444/ffffff', 2);
insert into image (image_id, acmd_image_url, accommodation_id) values (61, 'http://dummyimage.com/149x100.png/ff4444/ffffff', 5);
insert into image (image_id, acmd_image_url, accommodation_id) values (62, 'http://dummyimage.com/138x100.png/5fa2dd/ffffff', 5);
insert into image (image_id, acmd_image_url, accommodation_id) values (63, 'http://dummyimage.com/137x100.png/ff4444/ffffff', 4);
insert into image (image_id, acmd_image_url, accommodation_id) values (64, 'http://dummyimage.com/145x100.png/5fa2dd/ffffff', 8);
insert into image (image_id, acmd_image_url, accommodation_id) values (65, 'http://dummyimage.com/160x100.png/ff4444/ffffff', 6);
insert into image (image_id, acmd_image_url, accommodation_id) values (66, 'http://dummyimage.com/223x100.png/ff4444/ffffff', 9);
insert into image (image_id, acmd_image_url, accommodation_id) values (67, 'http://dummyimage.com/202x100.png/dddddd/000000', 9);
insert into image (image_id, acmd_image_url, accommodation_id) values (68, 'http://dummyimage.com/170x100.png/5fa2dd/ffffff', 3);
insert into image (image_id, acmd_image_url, accommodation_id) values (69, 'http://dummyimage.com/196x100.png/dddddd/000000', 9);
insert into image (image_id, acmd_image_url, accommodation_id) values (70, 'http://dummyimage.com/235x100.png/dddddd/000000', 10);
insert into image (image_id, acmd_image_url, accommodation_id) values (71, 'http://dummyimage.com/205x100.png/cc0000/ffffff', 6);
insert into image (image_id, acmd_image_url, accommodation_id) values (72, 'http://dummyimage.com/201x100.png/5fa2dd/ffffff', 1);
insert into image (image_id, acmd_image_url, accommodation_id) values (73, 'http://dummyimage.com/114x100.png/dddddd/000000', 4);
insert into image (image_id, acmd_image_url, accommodation_id) values (74, 'http://dummyimage.com/147x100.png/ff4444/ffffff', 2);
insert into image (image_id, acmd_image_url, accommodation_id) values (75, 'http://dummyimage.com/222x100.png/5fa2dd/ffffff', 8);
insert into image (image_id, acmd_image_url, accommodation_id) values (76, 'http://dummyimage.com/112x100.png/ff4444/ffffff', 2);
insert into image (image_id, acmd_image_url, accommodation_id) values (77, 'http://dummyimage.com/166x100.png/dddddd/000000', 3);
insert into image (image_id, acmd_image_url, accommodation_id) values (78, 'http://dummyimage.com/240x100.png/ff4444/ffffff', 7);
insert into image (image_id, acmd_image_url, accommodation_id) values (79, 'http://dummyimage.com/243x100.png/cc0000/ffffff', 7);
insert into image (image_id, acmd_image_url, accommodation_id) values (80, 'http://dummyimage.com/219x100.png/ff4444/ffffff', 5);
insert into image (image_id, acmd_image_url, accommodation_id) values (81, 'http://dummyimage.com/140x100.png/5fa2dd/ffffff', 1);
insert into image (image_id, acmd_image_url, accommodation_id) values (82, 'http://dummyimage.com/170x100.png/5fa2dd/ffffff', 3);
insert into image (image_id, acmd_image_url, accommodation_id) values (83, 'http://dummyimage.com/187x100.png/5fa2dd/ffffff', 8);
insert into image (image_id, acmd_image_url, accommodation_id) values (84, 'http://dummyimage.com/189x100.png/ff4444/ffffff', 10);
insert into image (image_id, acmd_image_url, accommodation_id) values (85, 'http://dummyimage.com/207x100.png/dddddd/000000', 3);
insert into image (image_id, acmd_image_url, accommodation_id) values (86, 'http://dummyimage.com/242x100.png/5fa2dd/ffffff', 2);
insert into image (image_id, acmd_image_url, accommodation_id) values (87, 'http://dummyimage.com/102x100.png/5fa2dd/ffffff', 7);
insert into image (image_id, acmd_image_url, accommodation_id) values (88, 'http://dummyimage.com/103x100.png/5fa2dd/ffffff', 6);
insert into image (image_id, acmd_image_url, accommodation_id) values (89, 'http://dummyimage.com/205x100.png/ff4444/ffffff', 5);
insert into image (image_id, acmd_image_url, accommodation_id) values (90, 'http://dummyimage.com/248x100.png/5fa2dd/ffffff', 9);
insert into image (image_id, acmd_image_url, accommodation_id) values (91, 'http://dummyimage.com/206x100.png/cc0000/ffffff', 4);
insert into image (image_id, acmd_image_url, accommodation_id) values (92, 'http://dummyimage.com/128x100.png/cc0000/ffffff', 5);
insert into image (image_id, acmd_image_url, accommodation_id) values (93, 'http://dummyimage.com/238x100.png/5fa2dd/ffffff', 8);
insert into image (image_id, acmd_image_url, accommodation_id) values (94, 'http://dummyimage.com/136x100.png/dddddd/000000', 8);
insert into image (image_id, acmd_image_url, accommodation_id) values (95, 'http://dummyimage.com/227x100.png/cc0000/ffffff', 3);
insert into image (image_id, acmd_image_url, accommodation_id) values (96, 'http://dummyimage.com/172x100.png/dddddd/000000', 1);
insert into image (image_id, acmd_image_url, accommodation_id) values (97, 'http://dummyimage.com/206x100.png/ff4444/ffffff', 9);
insert into image (image_id, acmd_image_url, accommodation_id) values (98, 'http://dummyimage.com/125x100.png/cc0000/ffffff', 9);
insert into image (image_id, acmd_image_url, accommodation_id) values (99, 'http://dummyimage.com/192x100.png/ff4444/ffffff', 8);
insert into image (image_id, acmd_image_url, accommodation_id) values (100, 'http://dummyimage.com/246x100.png/ff4444/ffffff', 3);

insert into reservation (reservation_id, check_in, check_out, total_price, guest, is_deleted) values (1, '2023-07-04', '2023-08-06', 246.250, 2, true);
insert into reservation (reservation_id, check_in, check_out, total_price, guest, is_deleted) values (2, '2023-07-27', '2023-08-13', 633.867, 2, true);
insert into reservation (reservation_id, check_in, check_out, total_price, guest, is_deleted) values (3, '2023-07-23', '2023-08-14', 350.936, 2, false);
insert into reservation (reservation_id, check_in, check_out, total_price, guest, is_deleted) values (4, '2023-07-07', '2023-08-13', 531.304, 2, false);
insert into reservation (reservation_id, check_in, check_out, total_price, guest, is_deleted) values (5, '2023-07-15', '2023-08-14', 075.074, 3, true);
insert into reservation (reservation_id, check_in, check_out, total_price, guest, is_deleted) values (6, '2023-07-26', '2023-08-07', 440.138, 2, true);
insert into reservation (reservation_id, check_in, check_out, total_price, guest, is_deleted) values (7, '2023-07-26', '2023-08-02', 586.392, 4, false);
insert into reservation (reservation_id, check_in, check_out, total_price, guest, is_deleted) values (8, '2023-07-10', '2023-08-24', 948.310, 4, true);
insert into reservation (reservation_id, check_in, check_out, total_price, guest, is_deleted) values (9, '2023-07-22', '2023-08-19', 468.352, 4, true);
insert into reservation (reservation_id, check_in, check_out, total_price, guest, is_deleted) values (10, '2023-07-08', '2023-08-28', 112.007, 2, true);